{
  "rel_acc": {
    "mean": 0.39970370493155544,
    "std": 0.2754326163968531
  },
  "nh_o_1_relidx": {
    "mean": -1.645683497845384,
    "std": 59.99965409498149
  },
  "nh_o_1_energy": {
    "mean": -1.147091669775026,
    "std": 1.0475336580960963
  },
  "o_nh_1_relidx": {
    "mean": 1.5601733808041014,
    "std": 63.47733535117043
  },
  "o_nh_1_energy": {
    "mean": -1.1257249610097442,
    "std": 1.0512564644295403
  },
  "nh_o_2_relidx": {
    "mean": -0.010097831864582843,
    "std": 59.639812227878465
  },
  "nh_o_2_energy": {
    "mean": -0.18376278946040017,
    "std": 0.1619091542749752
  },
  "o_nh_2_relidx": {
    "mean": 0.29412682981865823,
    "std": 64.27054939191115
  },
  "o_nh_2_energy": {
    "mean": -0.20805686765878045,
    "std": 0.2370571367263274
  }
}